Workbook

Sheet Instrucciones
A1: Resultados esperados: BotFernanda con los datos de práctica 3.2.D-01
A2: Uso exclusivo del docente. Todos los nombres y cifras son ficticios.
A4: Cómo usar este libro
A5: 1. Elegibilidad: qué empleados deben quedar en Bono_Directos, en Bono_Indirectos o fuera de ambos, y por qué.
A6: 2. Bonos_Directos: el bono que el bot debe asignar a cada directo según su línea en DIRconLinea y el archivo maestro.
A7: 3. Bonos_Indirectos: el monto fijo de cada indirecto elegible.
A8: 4. Resumen: totales para revisar rápido la entrega de un estudiante.
A10: Las hojas Headcount y Master son copias de los archivos de entrada. Las reglas están en la hoja Parámetros
A11: (celdas amarillas, en azul). Si cambias un parámetro o un dato de entrada, los resultados se recalculan solos.
A12: Si agregas o quitas empleados, actualiza también las listas de Bonos_Directos y Bonos_Indirectos.
A14: Reglas (especificación 0.1.I-05)
A15: Elegible si: faltas = 0, vacaciones ≤ 15, permisos con goce = 0, permisos sin goce = 0 e incapacidad ≤ 15.
... A17: Indirectos: monto fijo de $250. El nombre de línea se compara sin espacios de más y sin distinguir mayúsculas.

Sheet Resumen
A1: Indicador | B1: Valor
A2: Empleados en el reporte | B2: =COUNTA(Elegibilidad!A2:A31) -> 30
A3: Directos elegibles (filas en Bono_Directos) | B3: =COUNTIF(Elegibilidad!F2:F31,"Bono_Directos") -> 15
A4: Indirectos elegibles (filas en Bono_Indirectos) | B4: =COUNTIF(Elegibilidad!F2:F31,"Bono_Indirectos") -> 7
A5: Empleados excluidos | B5: =COUNTIF(Elegibilidad!F2:F31,"Excluido") -> 8
A6: Directos con línea no encontrada en el maestro | B6: =COUNTIF(Bonos_Directos!E2:E16,"No") -> 1
A7: Total de bonos para directos | B7: =Bonos_Directos!H17 -> 3750
A8: Total de bonos para indirectos | B8: =Bonos_Indirectos!D9 -> 1750
A9: Total general | B9: =B7+B8 -> 5500

Sheet Parámetros
A1: Parámetro | B1: Valor | C1: Fuente
A2: Máximo de faltas injustificadas | B2: 0 | C2: 0.1.I-05, sección 2.1
A3: Máximo de días de vacaciones | B3: 15 | C3: 0.1.I-05, sección 2.1
A4: Máximo de permisos (con o sin goce) | B4: 0 | C4: 0.1.I-05, sección 2.1
A5: Máximo de días de incapacidad | B5: 15 | C5: 0.1.I-05, sección 2.1
A6: Máximo de quejas NCR para cobrar bono | B6: 2 | C6: 0.1.I-05, sección 2.2
A7: Efectividad mínima para $250 | B7: 0.9 | C7: 0.1.I-05, sección 2.2
A8: Efectividad mínima para $350 | B8: 0.95 | C8: 0.1.I-05, sección 2.2
A9: Efectividad mínima para $500 | B9: 1 | C9: 0.1.I-05, sección 2.2
A10: Bono por debajo del primer umbral | B10: 0 | C10: 0.1.I-05, sección 2.2
A11: Bono nivel 1 | B11: 250 | C11: 0.1.I-05, sección 2.2
A12: Bono nivel 2 | B12: 350 | C12: 0.1.I-05, sección 2.2
A13: Bono nivel 3 | B13: 500 | C13: 0.1.I-05, sección 2.2
A14: Monto fijo para indirectos | B14: 250 | C14: 0.1.I-05, sección 2.3

Sheet Headcount
A1: Numero_Empleado | B1: Nombre_Completo | C1: Departamento | D1: Turno | E1: Fecha_Ingreso | F1: Tipo_Personal | G1: Puesto | H1: Faltas_Injustificadas | I1: Dias_Vacaciones | J1: Permisos_Con_Goce | K1: Permisos_Sin_Goce | L1: Dias_Incapacidad
A2: 1001 | B2: ANA SOFIA RAMIREZ LUGO | C2: Producción | D2: Matutino | E2: 43535 | F2: DIRECTO | G2: Operador de Ensamble I | H2: 0 | I2: 0 | J2: 0 | K2: 0 | L2: 0
A3: 1002 | B3: CARLOS EDUARDO MENDEZ RUIZ | C3: Producción | D3: Matutino | E3: 44013 | F3: DIRECTO | G3: Operador de Ensamble II | H3: 0 | I3: 3 | J3: 0 | K3: 0 | L3: 0
A4: 1003 | B4: LUCIA FERNANDA SOTO VEGA | C4: Producción | D4: Vespertino | E4: 44214 | F4: DIRECTO | G4: Operador de Ensamble I | H4: 1 | I4: 0 | J4: 0 | K4: 0 | L4: 0
A5: 1004 | B5: JORGE ALBERTO NAVARRO PAZ | C5: Producción | D5: Vespertino | E5: 43409 | F5: DIRECTO | G5: Operador de Moldeo | H5: 0 | I5: 15 | J5: 0 | K5: 0 | L5: 0
A6: 1005 | B6: MARIA GUADALUPE ORTIZ LEON | C6: Producción | D6: Nocturno | E6: 44606 | F6: DIRECTO | G6: Operador de Moldeo | H6: 0 | I6: 16 | J6: 0 | K6: 0 | L6: 0
A7: 1006 | B7: LUIS ANGEL CASTRO MORA | C7: Producción | D7: Matutino | E7: 42912 | F7: DIRECTO | G7: Operador de Ensamble II | H7: 0 | I7: 0 | J7: 0 | K7: 0 | L7: 15
A8: 1007 | B8: DIANA PATRICIA REYES SOLIS | C8: Producción | D8: Matutino | E8: 45019 | F8: DIRECTO | G8: Operador de Ensamble I | H8: 0 | I8: 0 | J8: 0 | K8: 0 | L8: 16
A9: 1008 | B9: RICARDO IVAN FLORES DIAZ | C9: Producción | D9: Vespertino | E9: 44095 | F9: DIRECTO | G9: Empacador | H9: 0 | I9: 2 | J9: 1 | K9: 0 | L9: 0
A10: 1009 | B10: PAOLA ANDREA GUERRERO NUÑEZ | C10: Producción | D10: Vespertino | E10: 44536 | F10: DIRECTO | G10: Empacador | H10: 0 | I10: 0 | J10: 0 | K10: 2 | L10: 0
A11: 1010 | B11: MIGUEL ANGEL ROMERO SALAS | C11: Producción | D11: Nocturno | E11: 43689 | F11: DIRECTO | G11: Operador de Ensamble II | H11: 0 | I11: 5 | J11: 0 | K11: 0 | L11: 0
A12: 1011 | B12: KARLA JIMENA ACOSTA PEÑA | C12: Producción | D12: Nocturno | E12: 44851 | F12: DIRECTO | G12: Operador de Ensamble I | H12: 0 | I12: 0 | J12: 0 | K12: 0 | L12: 2
A13: 1012 | B13: FERNANDO JAVIER IBARRA CRUZ | C13: Producción | D13: Matutino | E13: 42499 | F13: DIRECTO | G13: Operador de Moldeo | H13: 0 | I13: 7 | J13: 0 | K13: 0 | L13: 0
... A31: 2010 | B31: DANIEL OMAR TREJO BARRERA | C31: Producción | D31: Vespertino | E31: 42646 | F31: INDIRECTO | G31: Supervisor de Producción | H31: 0 | I31: 0 | J31: 0 | K31: 0 | L31: 0

Sheet Master
A1: Area_Linea | B1: NCR_Quejas | C1: FOOT2_Efectividad | D1: Caso de prueba
A2: Ensamble 1 | B2: 0 | C2: 1 | D2: Efectividad 100 % → $500
A3: Ensamble 2 | B3: 1 | C3: 0.97 | D3: Efectividad 97 % → $350
A4: Ensamble 3 | B4: 3 | C4: 1 | D4: 3 quejas → $0 aunque la efectividad sea 100 %
A5: Moldeo 1 | B5: 2 | C5: 0.95 | D5: Límite: 2 quejas y 95 % exacto → $350
A6: Moldeo 2 | B6: 0 | C6: 0.93 | D6: Efectividad 93 % → $250
A7: Empaque 1 | B7: 1 | C7: 0.89 | D7: Efectividad 89 % → $0

Sheet Elegibilidad
A1: No. de empleado | B1: Nombre | C1: Tipo_Personal | D1: Elegible | E1: Motivo | F1: Archivo destino | G1: Caso de prueba
A2: =Headcount!A2 -> 1001 | B2: =Headcount!B2 -> ANA SOFIA RAMIREZ LUGO | C2: =Headcount!F2 -> DIRECTO | D2: =IF(AND(Headcount!H2<=Parámetros!$B$2,Headcount!I2<=Parámetros!$B$3,Headcount!J2<=Parámetros!$B$4,Headcount!K2<=Parámetros!$B$4,Headcount!L2<=Parámetros!$B$5),"Sí","No") -> Sí | E2: =IF(D2="Sí","Cumple todas las reglas",IF(Headcount!H2>Parámetros!$B$2,"Faltas injustificadas: "&Headcount!H2,IF(Headcount!I2>Parámetros!$B$3,"Vacaciones: "&Headcount!I2&" días",IF(Headcount!J2>Parámetros!$B$4,"Permisos con goce: "&Headcount!J2,IF(Headcount!K2>Parámetros!$B$4,"Permisos sin goce: "&Headcount!K2,"Incapacidad: "&Headcount!L2&" días"))))) -> Cumple todas las reglas | F2: =IF(D2="No","Excluido",IF(C2="DIRECTO","Bono_Directos","Bono_Indirectos")) -> Bono_Directos | G2: Asistencia perfecta
A3: =Headcount!A3 -> 1002 | B3: =Headcount!B3 -> CARLOS EDUARDO MENDEZ RUIZ | C3: =Headcount!F3 -> DIRECTO | D3: =IF(AND(Headcount!H3<=Parámetros!$B$2,Headcount!I3<=Parámetros!$B$3,Headcount!J3<=Parámetros!$B$4,Headcount!K3<=Parámetros!$B$4,Headcount!L3<=Parámetros!$B$5),"Sí","No") -> Sí | E3: =IF(D3="Sí","Cumple todas las reglas",IF(Headcount!H3>Parámetros!$B$2,"Faltas injustificadas: "&Headcount!H3,IF(Headcount!I3>Parámetros!$B$3,"Vacaciones: "&Headcount!I3&" días",IF(Headcount!J3>Parámetros!$B$4,"Permisos con goce: "&Headcount!J3,IF(Headcount!K3>Parámetros!$B$4,"Permisos sin goce: "&Headcount!K3,"Incapacidad: "&Headcount!L3&" días"))))) -> Cumple todas las reglas | F3: =IF(D3="No","Excluido",IF(C3="DIRECTO","Bono_Directos","Bono_Indirectos")) -> Bono_Directos | G3: Elegible
A4: =Headcount!A4 -> 1003 | B4: =Headcount!B4 -> LUCIA FERNANDA SOTO VEGA | C4: =Headcount!F4 -> DIRECTO | D4: =IF(AND(Headcount!H4<=Parámetros!$B$2,Headcount!I4<=Parámetros!$B$3,Headcount!J4<=Parámetros!$B$4,Headcount!K4<=Parámetros!$B$4,Headcount!L4<=Parámetros!$B$5),"Sí","No") -> No | E4: =IF(D4="Sí","Cumple todas las reglas",IF(Headcount!H4>Parámetros!$B$2,"Faltas injustificadas: "&Headcount!H4,IF(Headcount!I4>Parámetros!$B$3,"Vacaciones: "&Headcount!I4&" días",IF(Headcount!J4>Parámetros!$B$4,"Permisos con goce: "&Headcount!J4,IF(Headcount!K4>Parámetros!$B$4,"Permisos sin goce: "&Headcount!K4,"Incapacidad: "&Headcount!L4&" días"))))) -> Faltas injustificadas: 1 | F4: =IF(D4="No","Excluido",IF(C4="DIRECTO","Bono_Directos","Bono_Indirectos")) -> Excluido | G4: Excluido por 1 falta
A5: =Headcount!A5 -> 1004 | B5: =Headcount!B5 -> JORGE ALBERTO NAVARRO PAZ | C5: =Headcount!F5 -> DIRECTO | D5: =IF(AND(Headcount!H5<=Parámetros!$B$2,Headcount!I5<=Parámetros!$B$3,Headcount!J5<=Parámetros!$B$4,Headcount!K5<=Parámetros!$B$4,Headcount!L5<=Parámetros!$B$5),"Sí","No") -> Sí | E5: =IF(D5="Sí","Cumple todas las reglas",IF(Headcount!H5>Parámetros!$B$2,"Faltas injustificadas: "&Headcount!H5,IF(Headcount!I5>Parámetros!$B$3,"Vacaciones: "&Headcount!I5&" días",IF(Headcount!J5>Parámetros!$B$4,"Permisos con goce: "&Headcount!J5,IF(Headcount!K5>Parámetros!$B$4,"Permisos sin goce: "&Headcount!K5,"Incapacidad: "&Headcount!L5&" días"))))) -> Cumple todas las reglas | F5: =IF(D5="No","Excluido",IF(C5="DIRECTO","Bono_Directos","Bono_Indirectos")) -> Bono_Directos | G5: Límite: 15 días de vacaciones
A6: =Headcount!A6 -> 1005 | B6: =Headcount!B6 -> MARIA GUADALUPE ORTIZ LEON | C6: =Headcount!F6 -> DIRECTO | D6: =IF(AND(Headcount!H6<=Parámetros!$B$2,Headcount!I6<=Parámetros!$B$3,Headcount!J6<=Parámetros!$B$4,Headcount!K6<=Parámetros!$B$4,Headcount!L6<=Parámetros!$B$5),"Sí","No") -> No | E6: =IF(D6="Sí","Cumple todas las reglas",IF(Headcount!H6>Parámetros!$B$2,"Faltas injustificadas: "&Headcount!H6,IF(Headcount!I6>Parámetros!$B$3,"Vacaciones: "&Headcount!I6&" días",IF(Headcount!J6>Parámetros!$B$4,"Permisos con goce: "&Headcount!J6,IF(Headcount!K6>Parámetros!$B$4,"Permisos sin goce: "&Headcount!K6,"Incapacidad: "&Headcount!L6&" días"))))) -> Vacaciones: 16 días | F6: =IF(D6="No","Excluido",IF(C6="DIRECTO","Bono_Directos","Bono_Indirectos")) -> Excluido | G6: Excluido por 16 días de vacaciones
A7: =Headcount!A7 -> 1006 | B7: =Headcount!B7 -> LUIS ANGEL CASTRO MORA | C7: =Headcount!F7 -> DIRECTO | D7: =IF(AND(Headcount!H7<=Parámetros!$B$2,Headcount!I7<=Parámetros!$B$3,Headcount!J7<=Parámetros!$B$4,Headcount!K7<=Parámetros!$B$4,Headcount!L7<=Parámetros!$B$5),"Sí","No") -> Sí | E7: =IF(D7="Sí","Cumple todas las reglas",IF(Headcount!H7>Parámetros!$B$2,"Faltas injustificadas: "&Headcount!H7,IF(Headcount!I7>Parámetros!$B$3,"Vacaciones: "&Headcount!I7&" días",IF(Headcount!J7>Parámetros!$B$4,"Permisos con goce: "&Headcount!J7,IF(Headcount!K7>Parámetros!$B$4,"Permisos sin goce: "&Headcount!K7,"Incapacidad: "&Headcount!L7&" días"))))) -> Cumple todas las reglas | F7: =IF(D7="No","Excluido",IF(C7="DIRECTO","Bono_Directos","Bono_Indirectos")) -> Bono_Directos | G7: Límite: 15 días de incapacidad
A8: =Headcount!A8 -> 1007 | B8: =Headcount!B8 -> DIANA PATRICIA REYES SOLIS | C8: =Headcount!F8 -> DIRECTO | D8: =IF(AND(Headcount!H8<=Parámetros!$B$2,Headcount!I8<=Parámetros!$B$3,Headcount!J8<=Parámetros!$B$4,Headcount!K8<=Parámetros!$B$4,Headcount!L8<=Parámetros!$B$5),"Sí","No") -> No | E8: =IF(D8="Sí","Cumple todas las reglas",IF(Headcount!H8>Parámetros!$B$2,"Faltas injustificadas: "&Headcount!H8,IF(Headcount!I8>Parámetros!$B$3,"Vacaciones: "&Headcount!I8&" días",IF(Headcount!J8>Parámetros!$B$4,"Permisos con goce: "&Headcount!J8,IF(Headcount!K8>Parámetros!$B$4,"Permisos sin goce: "&Headcount!K8,"Incapacidad: "&Headcount!L8&" días"))))) -> Incapacidad: 16 días | F8: =IF(D8="No","Excluido",IF(C8="DIRECTO","Bono_Directos","Bono_Indirectos")) -> Excluido | G8: Excluido por 16 días de incapacidad
A9: =Headcount!A9 -> 1008 | B9: =Headcount!B9 -> RICARDO IVAN FLORES DIAZ | C9: =Headcount!F9 -> DIRECTO | D9: =IF(AND(Headcount!H9<=Parámetros!$B$2,Headcount!I9<=Parámetros!$B$3,Headcount!J9<=Parámetros!$B$4,Headcount!K9<=Parámetros!$B$4,Headcount!L9<=Parámetros!$B$5),"Sí","No") -> No | E9: =IF(D9="Sí","Cumple todas las reglas",IF(Headcount!H9>Parámetros!$B$2,"Faltas injustificadas: "&Headcount!H9,IF(Headcount!I9>Parámetros!$B$3,"Vacaciones: "&Headcount!I9&" días",IF(Headcount!J9>Parámetros!$B$4,"Permisos con goce: "&Headcount!J9,IF(Headcount!K9>Parámetros!$B$4,"Permisos sin goce: "&Headcount!K9,"Incapacidad: "&Headcount!L9&" días"))))) -> Permisos con goce: 1 | F9: =IF(D9="No","Excluido",IF(C9="DIRECTO","Bono_Directos","Bono_Indirectos")) -> Excluido | G9: Excluido por permiso con goce
A10: =Headcount!A10 -> 1009 | B10: =Headcount!B10 -> PAOLA ANDREA GUERRERO NUÑEZ | C10: =Headcount!F10 -> DIRECTO | D10: =IF(AND(Headcount!H10<=Parámetros!$B$2,Headcount!I10<=Parámetros!$B$3,Headcount!J10<=Parámetros!$B$4,Headcount!K10<=Parámetros!$B$4,Headcount!L10<=Parámetros!$B$5),"Sí","No") -> No | E10: =IF(D10="Sí","Cumple todas las reglas",IF(Headcount!H10>Parámetros!$B$2,"Faltas injustificadas: "&Headcount!H10,IF(Headcount!I10>Parámetros!$B$3,"Vacaciones: "&Headcount!I10&" días",IF(Headcount!J10>Parámetros!$B$4,"Permisos con goce: "&Headcount!J10,IF(Headcount!K10>Parámetros!$B$4,"Permisos sin goce: "&Headcount!K10,"Incapacidad: "&Headcount!L10&" días"))))) -> Permisos sin goce: 2 | F10: =IF(D10="No","Excluido",IF(C10="DIRECTO","Bono_Directos","Bono_Indirectos")) -> Excluido | G10: Excluido por permisos sin goce
A11: =Headcount!A11 -> 1010 | B11: =Headcount!B11 -> MIGUEL ANGEL ROMERO SALAS | C11: =Headcount!F11 -> DIRECTO | D11: =IF(AND(Headcount!H11<=Parámetros!$B$2,Headcount!I11<=Parámetros!$B$3,Headcount!J11<=Parámetros!$B$4,Headcount!K11<=Parámetros!$B$4,Headcount!L11<=Parámetros!$B$5),"Sí","No") -> Sí | E11: =IF(D11="Sí","Cumple todas las reglas",IF(Headcount!H11>Parámetros!$B$2,"Faltas injustificadas: "&Headcount!H11,IF(Headcount!I11>Parámetros!$B$3,"Vacaciones: "&Headcount!I11&" días",IF(Headcount!J11>Parámetros!$B$4,"Permisos con goce: "&Headcount!J11,IF(Headcount!K11>Parámetros!$B$4,"Permisos sin goce: "&Headcount!K11,"Incapacidad: "&Headcount!L11&" días"))))) -> Cumple todas las reglas | F11: =IF(D11="No","Excluido",IF(C11="DIRECTO","Bono_Directos","Bono_Indirectos")) -> Bono_Directos | G11: Elegible
A12: =Headcount!A12 -> 1011 | B12: =Headcount!B12 -> KARLA JIMENA ACOSTA PEÑA | C12: =Headcount!F12 -> DIRECTO | D12: =IF(AND(Headcount!H12<=Parámetros!$B$2,Headcount!I12<=Parámetros!$B$3,Headcount!J12<=Parámetros!$B$4,Headcount!K12<=Parámetros!$B$4,Headcount!L12<=Parámetros!$B$5),"Sí","No") -> Sí | E12: =IF(D12="Sí","Cumple todas las reglas",IF(Headcount!H12>Parámetros!$B$2,"Faltas injustificadas: "&Headcount!H12,IF(Headcount!I12>Parámetros!$B$3,"Vacaciones: "&Headcount!I12&" días",IF(Headcount!J12>Parámetros!$B$4,"Permisos con goce: "&Headcount!J12,IF(Headcount!K12>Parámetros!$B$4,"Permisos sin goce: "&Headcount!K12,"Incapacidad: "&Headcount!L12&" días"))))) -> Cumple todas las reglas | F12: =IF(D12="No","Excluido",IF(C12="DIRECTO","Bono_Directos","Bono_Indirectos")) -> Bono_Directos | G12: Elegible
A13: =Headcount!A13 -> 1012 | B13: =Headcount!B13 -> FERNANDO JAVIER IBARRA CRUZ | C13: =Headcount!F13 -> DIRECTO | D13: =IF(AND(Headcount!H13<=Parámetros!$B$2,Headcount!I13<=Parámetros!$B$3,Headcount!J13<=Parámetros!$B$4,Headcount!K13<=Parámetros!$B$4,Headcount!L13<=Parámetros!$B$5),"Sí","No") -> Sí | E13: =IF(D13="Sí","Cumple todas las reglas",IF(Headcount!H13>Parámetros!$B$2,"Faltas injustificadas: "&Headcount!H13,IF(Headcount!I13>Parámetros!$B$3,"Vacaciones: "&Headcount!I13&" días",IF(Headcount!J13>Parámetros!$B$4,"Permisos con goce: "&Headcount!J13,IF(Headcount!K13>Parámetros!$B$4,"Permisos sin goce: "&Headcount!K13,"Incapacidad: "&Headcount!L13&" días"))))) -> Cumple todas las reglas | F13: =IF(D13="No","Excluido",IF(C13="DIRECTO","Bono_Directos","Bono_Indirectos")) -> Bono_Directos | G13: Elegible
... A31: =Headcount!A31 -> 2010 | B31: =Headcount!B31 -> DANIEL OMAR TREJO BARRERA | C31: =Headcount!F31 -> INDIRECTO | D31: =IF(AND(Headcount!H31<=Parámetros!$B$2,Headcount!I31<=Parámetros!$B$3,Headcount!J31<=Parámetros!$B$4,Headcount!K31<=Parámetros!$B$4,Headcount!L31<=Parámetros!$B$5),"Sí","No") -> Sí | E31: =IF(D31="Sí","Cumple todas las reglas",IF(Headcount!H31>Parámetros!$B$2,"Faltas injustificadas: "&Headcount!H31,IF(Headcount!I31>Parámetros!$B$3,"Vacaciones: "&Headcount!I31&" días",IF(Headcount!J31>Parámetros!$B$4,"Permisos con goce: "&Headcount!J31,IF(Headcount!K31>Parámetros!$B$4,"Permisos sin goce: "&Headcount!K31,"Incapacidad: "&Headcount!L31&" días"))))) -> Cumple todas las reglas | F31: =IF(D31="No","Excluido",IF(C31="DIRECTO","Bono_Directos","Bono_Indirectos")) -> Bono_Indirectos | G31: Elegible

Sheet Bonos_Directos
A1: No. de empleado | B1: Nombre | C1: Nombre de línea (DIRconLinea) | D1: Línea limpia | E1: Encontrada en maestro | F1: NCR_Quejas | G1: FOOT2_Efectividad | H1: Bono esperado | I1: Qué prueba
A2: 1001 | B2: ANA SOFIA RAMIREZ LUGO | C2: Ensamble 1 | D2: =LOWER(TRIM(C2)) -> ensamble 1 | E2: =IF(ISNA(MATCH(D2,Master!$A$2:$A$7,0)),"No","Sí") -> Sí | F2: =IF(E2="Sí",INDEX(Master!$B$2:$B$7,MATCH(D2,Master!$A$2:$A$7,0)),"") -> 0 | G2: =IF(E2="Sí",INDEX(Master!$C$2:$C$7,MATCH(D2,Master!$A$2:$A$7,0)),"") -> 1 | H2: =IF(E2="No",Parámetros!$B$10,IF(F2>Parámetros!$B$6,Parámetros!$B$10,IF(G2<Parámetros!$B$7,Parámetros!$B$10,IF(G2<Parámetros!$B$8,Parámetros!$B$11,IF(G2<Parámetros!$B$9,Parámetros!$B$12,Parámetros!$B$13))))) -> 500 | I2: Búsqueda directa
A3: 1002 | B3: CARLOS EDUARDO MENDEZ RUIZ | C3: ensamble 1 | D3: =LOWER(TRIM(C3)) -> ensamble 1 | E3: =IF(ISNA(MATCH(D3,Master!$A$2:$A$7,0)),"No","Sí") -> Sí | F3: =IF(E3="Sí",INDEX(Master!$B$2:$B$7,MATCH(D3,Master!$A$2:$A$7,0)),"") -> 0 | G3: =IF(E3="Sí",INDEX(Master!$C$2:$C$7,MATCH(D3,Master!$A$2:$A$7,0)),"") -> 1 | H3: =IF(E3="No",Parámetros!$B$10,IF(F3>Parámetros!$B$6,Parámetros!$B$10,IF(G3<Parámetros!$B$7,Parámetros!$B$10,IF(G3<Parámetros!$B$8,Parámetros!$B$11,IF(G3<Parámetros!$B$9,Parámetros!$B$12,Parámetros!$B$13))))) -> 500 | I3: Limpieza de texto (espacios o mayúsculas)
A4: 1004 | B4: JORGE ALBERTO NAVARRO PAZ | C4: Moldeo 1 | D4: =LOWER(TRIM(C4)) -> moldeo 1 | E4: =IF(ISNA(MATCH(D4,Master!$A$2:$A$7,0)),"No","Sí") -> Sí | F4: =IF(E4="Sí",INDEX(Master!$B$2:$B$7,MATCH(D4,Master!$A$2:$A$7,0)),"") -> 2 | G4: =IF(E4="Sí",INDEX(Master!$C$2:$C$7,MATCH(D4,Master!$A$2:$A$7,0)),"") -> 0.95 | H4: =IF(E4="No",Parámetros!$B$10,IF(F4>Parámetros!$B$6,Parámetros!$B$10,IF(G4<Parámetros!$B$7,Parámetros!$B$10,IF(G4<Parámetros!$B$8,Parámetros!$B$11,IF(G4<Parámetros!$B$9,Parámetros!$B$12,Parámetros!$B$13))))) -> 350 | I4: Búsqueda directa
A5: 1006 | B5: LUIS ANGEL CASTRO MORA | C5: ENSAMBLE 2 | D5: =LOWER(TRIM(C5)) -> ensamble 2 | E5: =IF(ISNA(MATCH(D5,Master!$A$2:$A$7,0)),"No","Sí") -> Sí | F5: =IF(E5="Sí",INDEX(Master!$B$2:$B$7,MATCH(D5,Master!$A$2:$A$7,0)),"") -> 1 | G5: =IF(E5="Sí",INDEX(Master!$C$2:$C$7,MATCH(D5,Master!$A$2:$A$7,0)),"") -> 0.97 | H5: =IF(E5="No",Parámetros!$B$10,IF(F5>Parámetros!$B$6,Parámetros!$B$10,IF(G5<Parámetros!$B$7,Parámetros!$B$10,IF(G5<Parámetros!$B$8,Parámetros!$B$11,IF(G5<Parámetros!$B$9,Parámetros!$B$12,Parámetros!$B$13))))) -> 350 | I5: Limpieza de texto (espacios o mayúsculas)
A6: 1010 | B6: MIGUEL ANGEL ROMERO SALAS | C6: Ensamble 2 | D6: =LOWER(TRIM(C6)) -> ensamble 2 | E6: =IF(ISNA(MATCH(D6,Master!$A$2:$A$7,0)),"No","Sí") -> Sí | F6: =IF(E6="Sí",INDEX(Master!$B$2:$B$7,MATCH(D6,Master!$A$2:$A$7,0)),"") -> 1 | G6: =IF(E6="Sí",INDEX(Master!$C$2:$C$7,MATCH(D6,Master!$A$2:$A$7,0)),"") -> 0.97 | H6: =IF(E6="No",Parámetros!$B$10,IF(F6>Parámetros!$B$6,Parámetros!$B$10,IF(G6<Parámetros!$B$7,Parámetros!$B$10,IF(G6<Parámetros!$B$8,Parámetros!$B$11,IF(G6<Parámetros!$B$9,Parámetros!$B$12,Parámetros!$B$13))))) -> 350 | I6: Limpieza de texto (espacios o mayúsculas)
A7: 1011 | B7: KARLA JIMENA ACOSTA PEÑA | C7: Ensamble 3 | D7: =LOWER(TRIM(C7)) -> ensamble 3 | E7: =IF(ISNA(MATCH(D7,Master!$A$2:$A$7,0)),"No","Sí") -> Sí | F7: =IF(E7="Sí",INDEX(Master!$B$2:$B$7,MATCH(D7,Master!$A$2:$A$7,0)),"") -> 3 | G7: =IF(E7="Sí",INDEX(Master!$C$2:$C$7,MATCH(D7,Master!$A$2:$A$7,0)),"") -> 1 | H7: =IF(E7="No",Parámetros!$B$10,IF(F7>Parámetros!$B$6,Parámetros!$B$10,IF(G7<Parámetros!$B$7,Parámetros!$B$10,IF(G7<Parámetros!$B$8,Parámetros!$B$11,IF(G7<Parámetros!$B$9,Parámetros!$B$12,Parámetros!$B$13))))) -> 0 | I7: Búsqueda directa
A8: 1012 | B8: FERNANDO JAVIER IBARRA CRUZ | C8: moldeo 1 | D8: =LOWER(TRIM(C8)) -> moldeo 1 | E8: =IF(ISNA(MATCH(D8,Master!$A$2:$A$7,0)),"No","Sí") -> Sí | F8: =IF(E8="Sí",INDEX(Master!$B$2:$B$7,MATCH(D8,Master!$A$2:$A$7,0)),"") -> 2 | G8: =IF(E8="Sí",INDEX(Master!$C$2:$C$7,MATCH(D8,Master!$A$2:$A$7,0)),"") -> 0.95 | H8: =IF(E8="No",Parámetros!$B$10,IF(F8>Parámetros!$B$6,Parámetros!$B$10,IF(G8<Parámetros!$B$7,Parámetros!$B$10,IF(G8<Parámetros!$B$8,Parámetros!$B$11,IF(G8<Parámetros!$B$9,Parámetros!$B$12,Parámetros!$B$13))))) -> 350 | I8: Limpieza de texto (espacios o mayúsculas)
A9: 1013 | B9: VALERIA MONSERRAT LARA RIOS | C9: Moldeo 2 | D9: =LOWER(TRIM(C9)) -> moldeo 2 | E9: =IF(ISNA(MATCH(D9,Master!$A$2:$A$7,0)),"No","Sí") -> Sí | F9: =IF(E9="Sí",INDEX(Master!$B$2:$B$7,MATCH(D9,Master!$A$2:$A$7,0)),"") -> 0 | G9: =IF(E9="Sí",INDEX(Master!$C$2:$C$7,MATCH(D9,Master!$A$2:$A$7,0)),"") -> 0.93 | H9: =IF(E9="No",Parámetros!$B$10,IF(F9>Parámetros!$B$6,Parámetros!$B$10,IF(G9<Parámetros!$B$7,Parámetros!$B$10,IF(G9<Parámetros!$B$8,Parámetros!$B$11,IF(G9<Parámetros!$B$9,Parámetros!$B$12,Parámetros!$B$13))))) -> 250 | I9: Limpieza de texto (espacios o mayúsculas)
A10: 1014 | B10: OSCAR DANIEL VILLA HERRERA | C10: Empaque 1 | D10: =LOWER(TRIM(C10)) -> empaque 1 | E10: =IF(ISNA(MATCH(D10,Master!$A$2:$A$7,0)),"No","Sí") -> Sí | F10: =IF(E10="Sí",INDEX(Master!$B$2:$B$7,MATCH(D10,Master!$A$2:$A$7,0)),"") -> 1 | G10: =IF(E10="Sí",INDEX(Master!$C$2:$C$7,MATCH(D10,Master!$A$2:$A$7,0)),"") -> 0.89 | H10: =IF(E10="No",Parámetros!$B$10,IF(F10>Parámetros!$B$6,Parámetros!$B$10,IF(G10<Parámetros!$B$7,Parámetros!$B$10,IF(G10<Parámetros!$B$8,Parámetros!$B$11,IF(G10<Parámetros!$B$9,Parámetros!$B$12,Parámetros!$B$13))))) -> 0 | I10: Búsqueda directa
A11: 1015 | B11: ALEJANDRA ISABEL MEJIA TORRES | C11: Ensamble 3 | D11: =LOWER(TRIM(C11)) -> ensamble 3 | E11: =IF(ISNA(MATCH(D11,Master!$A$2:$A$7,0)),"No","Sí") -> Sí | F11: =IF(E11="Sí",INDEX(Master!$B$2:$B$7,MATCH(D11,Master!$A$2:$A$7,0)),"") -> 3 | G11: =IF(E11="Sí",INDEX(Master!$C$2:$C$7,MATCH(D11,Master!$A$2:$A$7,0)),"") -> 1 | H11: =IF(E11="No",Parámetros!$B$10,IF(F11>Parámetros!$B$6,Parámetros!$B$10,IF(G11<Parámetros!$B$7,Parámetros!$B$10,IF(G11<Parámetros!$B$8,Parámetros!$B$11,IF(G11<Parámetros!$B$9,Parámetros!$B$12,Parámetros!$B$13))))) -> 0 | I11: Búsqueda directa
A12: 1016 | B12: SERGIO ARTURO CAMPOS AVILA | C12: Ensamble 9 | D12: =LOWER(TRIM(C12)) -> ensamble 9 | E12: =IF(ISNA(MATCH(D12,Master!$A$2:$A$7,0)),"No","Sí") -> No | F12: =IF(E12="Sí",INDEX(Master!$B$2:$B$7,MATCH(D12,Master!$A$2:$A$7,0)),"") | G12: =IF(E12="Sí",INDEX(Master!$C$2:$C$7,MATCH(D12,Master!$A$2:$A$7,0)),"") | H12: =IF(E12="No",Parámetros!$B$10,IF(F12>Parámetros!$B$6,Parámetros!$B$10,IF(G12<Parámetros!$B$7,Parámetros!$B$10,IF(G12<Parámetros!$B$8,Parámetros!$B$11,IF(G12<Parámetros!$B$9,Parámetros!$B$12,Parámetros!$B$13))))) -> 0 | I12: Línea que no existe en el maestro: el bot debe avisar
A13: 1017 | B13: NATALIA BEATRIZ DOMINGUEZ GIL | C13: ensamble 2 | D13: =LOWER(TRIM(C13)) -> ensamble 2 | E13: =IF(ISNA(MATCH(D13,Master!$A$2:$A$7,0)),"No","Sí") -> Sí | F13: =IF(E13="Sí",INDEX(Master!$B$2:$B$7,MATCH(D13,Master!$A$2:$A$7,0)),"") -> 1 | G13: =IF(E13="Sí",INDEX(Master!$C$2:$C$7,MATCH(D13,Master!$A$2:$A$7,0)),"") -> 0.97 | H13: =IF(E13="No",Parámetros!$B$10,IF(F13>Parámetros!$B$6,Parámetros!$B$10,IF(G13<Parámetros!$B$7,Parámetros!$B$10,IF(G13<Parámetros!$B$8,Parámetros!$B$11,IF(G13<Parámetros!$B$9,Parámetros!$B$12,Parámetros!$B$13))))) -> 350 | I13: Limpieza de texto (espacios o mayúsculas)
... A16: 1020 | B16: EDUARDO RAFAEL CORDOVA MEZA | C16: Ensamble 1 | D16: =LOWER(TRIM(C16)) -> ensamble 1 | E16: =IF(ISNA(MATCH(D16,Master!$A$2:$A$7,0)),"No","Sí") -> Sí | F16: =IF(E16="Sí",INDEX(Master!$B$2:$B$7,MATCH(D16,Master!$A$2:$A$7,0)),"") -> 0 | G16: =IF(E16="Sí",INDEX(Master!$C$2:$C$7,MATCH(D16,Master!$A$2:$A$7,0)),"") -> 1 | H16: =IF(E16="No",Parámetros!$B$10,IF(F16>Parámetros!$B$6,Parámetros!$B$10,IF(G16<Parámetros!$B$7,Parámetros!$B$10,IF(G16<Parámetros!$B$8,Parámetros!$B$11,IF(G16<Parámetros!$B$9,Parámetros!$B$12,Parámetros!$B$13))))) -> 500 | I16: Búsqueda directa
G17: Total | H17: =SUM(H2:H16) -> 3750

Sheet Bonos_Indirectos
A1: No. de empleado | B1: Nombre | C1: Puesto | D1: Bono esperado
A2: 2001 | B2: ROSA ELENA MARTINEZ ESPINOZA | C2: Técnico de Calidad | D2: =Parámetros!$B$14 -> 250
A3: 2002 | B3: JAVIER ENRIQUE SALAZAR BUSTOS | C3: Técnico de Mantenimiento | D3: =Parámetros!$B$14 -> 250
A4: 2004 | B4: ROBERTO CARLOS AGUILAR VALDEZ | C4: Supervisor de Producción | D4: =Parámetros!$B$14 -> 250
A5: 2006 | B5: TOMAS ALEJANDRO RUBIO ESCOBAR | C5: Planeador de Materiales | D5: =Parámetros!$B$14 -> 250
A6: 2007 | B6: MONICA LETICIA CARRILLO PONCE | C6: Inspector de Calidad | D6: =Parámetros!$B$14 -> 250
A7: 2009 | B7: LAURA VERONICA ESTRADA LIMON | C7: Almacenista | D7: =Parámetros!$B$14 -> 250
A8: 2010 | B8: DANIEL OMAR TREJO BARRERA | C8: Supervisor de Producción | D8: =Parámetros!$B$14 -> 250
C9: Total | D9: =SUM(D2:D8) -> 1750
